<!DOCTYPE generatorConfiguration
        PUBLIC "-//mybatis.org//DTD MyBatis Generator Configuration 1.0//EN"
        "http://mybatis.org/dtd/mybatis-generator-config_1_0.dtd">
<generatorConfiguration>
    <!-- mybatis-generator:generate -->
    <context id="atguiguTables" targetRuntime="MyBatis3">
        <commentGenerator>
            <!-- 是否去除自动生成的注释 true:是;false:否 -->
            <property name="suppressAllComments" value="true"/>
        </commentGenerator>
        <!--数据库连接的信息： 驱动类、 连接地址、 用户名、 密码 -->
        <jdbcConnection
                driverClass="com.mysql.jdbc.Driver"
                connectionURL="jdbc:mysql://localhost:3306/atcrowdfunding"
                userId="root"
                password="root">
        </jdbcConnection>
        <!-- 默认 false， 把 JDBC DECIMAL 和 NUMERIC 类型解析为 Integer， 为 true 时把
        JDBC DECIMAL
        和 NUMERIC 类型解析为 java.math.BigDecimal -->
        <javaTypeResolver>
            <property name="forceBigDecimals" value="false"/>
        </javaTypeResolver>
        <!-- targetProject:生成 Entity 类的路径 -->
        <javaModelGenerator targetProject=".\src\main\java"
                            targetPackage="com.zzk.atcrowdfunding.entity">
            <!-- enableSubPackages:是否让 schema 作为包的后缀 -->
            <property name="enableSubPackages" value="false"/>
            <!-- 从数据库返回的值被清理前后的空格 -->
            <property name="trimStrings" value="true"/>
        </javaModelGenerator>
        <!-- targetProject:XxxMapper.xml 映射文件生成的路径 -->
        <sqlMapGenerator targetProject=".\src\main\java"
                         targetPackage="com.zzk.atcrowdfunding.mapper">
            <!-- enableSubPackages:是否让 schema 作为包的后缀 -->
            <property name="enableSubPackages" value="false"/>
        </sqlMapGenerator>
        <!-- targetPackage： Mapper 接口生成的位置 -->
        <javaClientGenerator type="XMLMAPPER"
                             targetProject=".\src\main\java"
                             targetPackage="com.zzk.atcrowdfunding.mapper">
            <!-- enableSubPackages:是否让 schema 作为包的后缀 -->
            <property name="enableSubPackages" value="false"/>
        </javaClientGenerator>
        <!-- 数据库表名字和我们的 entity 类对应的映射指定 -->
        <table tableName="t_admin" domainObjectName="Admin"/>
    </context>
</generatorConfiguration>