<?xml version="1.0" encoding="UTF-8"?>
<configuration debug="true">
	<!-- 指定日志输出的位置 -->
	<appender name="STDOUT"
		class="ch.qos.logback.core.ConsoleAppender">
		<encoder>
			<!-- 日志输出的格式 -->
			<!-- 按照顺序分别是：时间、日志级别、线程名称、打印日志的类、日志主体内容、换行 -->
			<pattern>[%d{HH:mm:ss.SSS}] [%-5level] [%thread] [%logger] [%msg]%n</pattern>
		</encoder>
	</appender>
	
	<!-- 设置全局日志级别。日志级别按顺序分别是：DEBUG、INFO、WARN、ERROR -->
	<!-- 指定任何一个日志级别都只打印当前级别和后面级别的日志。 -->
	<root level="INFO">
		<!-- 指定打印日志的appender，这里通过“STDOUT”引用了前面配置的appender -->
		<appender-ref ref="STDOUT" />
	</root>

	<!-- 根据特殊需求指定局部日志级别 -->
	<logger name="com.zzk.atcrowdfunding.mapper" level="DEBUG"/>
	
</configuration>