<?xml version="1.0" encoding="UTF-8"?>
<beans xmlns="http://www.springframework.org/schema/beans"
       xmlns:xsi="http://www.w3.org/2001/XMLSchema-instance"
       xmlns:context="http://www.springframework.org/schema/context"
       xsi:schemaLocation="http://www.springframework.org/schema/beans http://www.springframework.org/schema/beans/spring-beans.xsd
		http://www.springframework.org/schema/context http://www.springframework.org/schema/context/spring-context-4.3.xsd">

    <!-- 加载外部属性文件 -->
    <context:property-placeholder location="classpath:jdbc.properties"/>

    <!-- 配置数据源 -->
    <bean id="dataSource" class="com.alibaba.druid.pool.DruidDataSource">
        <property name="username" value="${jdbc.username}"/>
        <property name="password" value="${jdbc.password}"/>
        <property name="url" value="${jdbc.url}"/>
        <property name="driverClassName" value="${jdbc.driver}"/>
    </bean>

    <!-- 配置SqlSessionFactoryBean整合MyBatis -->
    <bean id="sqlSessionFactoryBean" class="org.mybatis.spring.SqlSessionFactoryBean">
        <!-- 指定MyBatis全局配置文件位置 -->
        <property name="configLocation" value="classpath:mybatis-config.xml"/>
        <!-- 指定Mapper.xml配置文件位置 -->
        <property name="mapperLocations" value="classpath:mybatis/mapper/*Mapper.xml"/>
        <!-- 装配数据源 -->
        <property name="dataSource" ref="dataSource"/>
    </bean>

    <!-- 配置MapperScannerConfigurer来扫描Mapper接口所在的包 -->
    <bean id="mapperScannerConfigurer" class="org.mybatis.spring.mapper.MapperScannerConfigurer">
        <property name="basePackage" value="com.zzk.atcrowdfunding.mapper"/>
    </bean>

</beans>
