<?xml version="1.0" encoding="UTF-8"?>
<beans xmlns="http://www.springframework.org/schema/beans"
       xmlns:xsi="http://www.w3.org/2001/XMLSchema-instance"
       xmlns:mvc="http://www.springframework.org/schema/mvc"
       xmlns:context="http://www.springframework.org/schema/context"
       xsi:schemaLocation="http://www.springframework.org/schema/mvc http://www.springframework.org/schema/mvc/spring-mvc-4.3.xsd http://www.springframework.org/schema/beans http://www.springframework.org/schema/beans/spring-beans.xsd http://www.springframework.org/schema/context http://www.springframework.org/schema/context/spring-context-4.3.xsd">

    <!-- 配置自动扫描的包：扫描handler -->
    <context:component-scan base-package="com.zzk.atcrowdfunding.mvc"/>

    <!-- 配置SpringMVC的注解驱动 -->
    <mvc:annotation-driven/>

    <!-- 配置视图解析器 -->
    <bean id="viewResolver" class="org.springframework.web.servlet.view.InternalResourceViewResolver">
        <property name="prefix" value="/WEB-INF/"/>
        <property name="suffix" value=".jsp"/>
    </bean>

    <!-- 配置基于XML的异常映射 -->
    <bean id="simpleMappingExceptionResolver"
          class="org.springframework.web.servlet.handler.SimpleMappingExceptionResolver">
        <!-- 配置异常类型和具体视图页面的对应关系 -->
        <property name="exceptionMappings">
            <props>
                <!-- key属性指定异常全类名 -->
                <!-- 标签体中写对应的视图（这个值要拼前后缀得到具体路径） -->
                <prop key="java.lang.Exception">system-error</prop>
            </props>
        </property>
    </bean>

    <!-- 配置view-controller，直接把请求地址和视图名称关联起来，不必写handler方法了 -->
    <mvc:view-controller path="/admin/to/login/page.html" view-name="admin-login"/>
</beans>